epoch,accuracy
1,11.070990
2,11.070990
3,11.070990
4,11.070990
5,11.070990
6,11.070990
7,11.070990
8,11.070990
9,12.112016
10,16.614167
11,21.504302
12,21.992163
