epoch,accuracy
1,14.428396
2,62.407806
3,79.509834
4,88.080055
5,88.936693
6,91.552704
7,91.948371
8,92.490012
9,92.651352
10,93.008605
11,92.927935
12,93.166103
