epoch,accuracy
1,10.000000
2,10.120000
3,10.000000
4,9.870000
5,10.070000
6,10.000000
7,10.000000
8,10.000000
9,14.270000
10,10.000000
11,14.390000
12,10.000000
13,10.000000
14,10.000000
15,10.000000
16,10.000000
17,10.000000
