epoch,accuracy
1,10.000000
2,13.200000
3,17.080000
4,19.360000
5,19.400000
6,18.360000
7,27.530000
8,27.790000
9,28.110000
10,28.840000
