epoch,loss_G,loss_S
1,-1.881807,1.601217
2,-0.876508,0.870540
3,-0.886962,0.868860
4,-1.071539,0.855816
5,-0.845031,0.831475
6,-0.938290,0.825793
7,-1.014946,0.825360
8,-1.154132,0.795805
9,-0.907213,0.769123
10,-0.917174,0.773516
11,-0.880708,0.777822
