epoch,loss_G,loss_S
1,-1.950670,1.402651
2,-1.101129,0.998133
3,-0.814730,0.757887
4,-1.074000,1.066414
5,-0.801814,0.720890
6,-1.627335,1.527968
7,-1.444417,1.515862
8,-0.960872,0.972349
9,-1.512399,1.518747
10,-1.297178,1.316269
11,-1.637253,1.618758
12,-1.564977,1.564616
13,-1.128554,1.075273
14,-1.221890,1.191661
15,-1.547592,1.569345
16,-0.993100,0.964351
17,-1.463031,1.454540
18,-1.653581,1.659919
