epoch,G_grad_norm,S_grad_norm,grad_wrt_X
1,8.775683,0.172398,0.003302
2,15.136658,0.036655,0.005712
3,16.769464,0.049095,0.006643
4,19.627871,0.066316,0.007134
5,17.615526,0.062885,0.007024
6,15.909052,0.067772,0.007275
7,16.385645,0.073669,0.007927
8,17.922619,0.077103,0.009072
9,14.200823,0.081469,0.007595
10,14.677829,0.085726,0.008035
11,15.252872,0.090070,0.008503
